Pair,Sentences,Avg Src Len,Avg Tgt Len,Src Vocab,Tgt Vocab,Src TTR,Tgt TTR,Avg Len Ratio
Hindi-Bhili,19985,21.305028771578684,21.608206154615964,40429,66968,0.09495256951343531,0.15507595405705818,1.0301294638512466
Hindi-Gondi,20000,14.36035,13.82455,24635,44756,0.08577437179455932,0.16187145332036124,0.9913715962188199
Hindi-Mundari,20000,16.3095,14.2095,35057,63195,0.10747417149514087,0.222368837749393,0.910492214617964
English-Santali,19999,16.525226261313065,19.252462623131155,39059,44764,0.11818583428142626,0.11626107056592992,1.1827971532665393
